model,ratio,test_dice,test_iou
Pretrained U-Net (ResNet-34),5,0.9487833910518222,0.9033684829870859
Pretrained U-Net (ResNet-34),10,0.9574037293593088,0.9192228515942892
Pretrained U-Net (ResNet-34),25,0.9618677331341637,0.9276816844940186
Pretrained U-Net (ResNet-34),50,0.9645181662506528,0.9326287243101332
Pretrained U-Net (ResNet-34),100,0.9643973973062303,0.932436982790629
Vanilla U-Net (From Scratch),5,0.9422523611121707,0.8918654753102196
Vanilla U-Net (From Scratch),10,0.9480328261852264,0.9022274613380432
Vanilla U-Net (From Scratch),25,0.9563692576355405,0.9174353745248582
Vanilla U-Net (From Scratch),50,0.9613390035099454,0.9265939758883582
Vanilla U-Net (From Scratch),100,0.9648599492179023,0.9333352181646559
