filename,dataset,image_path,mask_path
CHNCXR_0250_0.png,Shenzhen,Lung Segmentation/CXR_png/CHNCXR_0250_0.png,Lung Segmentation/masks/CHNCXR_0250_0_mask.png
MCUCXR_0080_0.png,Montgomery,Lung Segmentation/CXR_png/MCUCXR_0080_0.png,Lung Segmentation/masks/MCUCXR_0080_0.png
CHNCXR_0046_0.png,Shenzhen,Lung Segmentation/CXR_png/CHNCXR_0046_0.png,Lung Segmentation/masks/CHNCXR_0046_0_mask.png
CHNCXR_0259_0.png,Shenzhen,Lung Segmentation/CXR_png/CHNCXR_0259_0.png,Lung Segmentation/masks/CHNCXR_0259_0_mask.png
CHNCXR_0576_1.png,Shenzhen,Lung Segmentation/CXR_png/CHNCXR_0576_1.png,Lung Segmentation/masks/CHNCXR_0576_1_mask.png
CHNCXR_0525_1.png,Shenzhen,Lung Segmentation/CXR_png/CHNCXR_0525_1.png,Lung Segmentation/masks/CHNCXR_0525_1_mask.png
CHNCXR_0386_1.png,Shenzhen,Lung Segmentation/CXR_png/CHNCXR_0386_1.png,Lung Segmentation/masks/CHNCXR_0386_1_mask.png
CHNCXR_0631_1.png,Shenzhen,Lung Segmentation/CXR_png/CHNCXR_0631_1.png,Lung Segmentation/masks/CHNCXR_0631_1_mask.png
MCUCXR_0390_1.png,Montgomery,Lung Segmentation/CXR_png/MCUCXR_0390_1.png,Lung Segmentation/masks/MCUCXR_0390_1.png
CHNCXR_0091_0.png,Shenzhen,Lung Segmentation/CXR_png/CHNCXR_0091_0.png,Lung Segmentation/masks/CHNCXR_0091_0_mask.png
MCUCXR_0074_0.png,Montgomery,Lung Segmentation/CXR_png/MCUCXR_0074_0.png,Lung Segmentation/masks/MCUCXR_0074_0.png
CHNCXR_0069_0.png,Shenzhen,Lung Segmentation/CXR_png/CHNCXR_0069_0.png,Lung Segmentation/masks/CHNCXR_0069_0_mask.png
MCUCXR_0083_0.png,Montgomery,Lung Segmentation/CXR_png/MCUCXR_0083_0.png,Lung Segmentation/masks/MCUCXR_0083_0.png
MCUCXR_0195_1.png,Montgomery,Lung Segmentation/CXR_png/MCUCXR_0195_1.png,Lung Segmentation/masks/MCUCXR_0195_1.png
MCUCXR_0002_0.png,Montgomery,Lung Segmentation/CXR_png/MCUCXR_0002_0.png,Lung Segmentation/masks/MCUCXR_0002_0.png
CHNCXR_0515_1.png,Shenzhen,Lung Segmentation/CXR_png/CHNCXR_0515_1.png,Lung Segmentation/masks/CHNCXR_0515_1_mask.png
CHNCXR_0321_0.png,Shenzhen,Lung Segmentation/CXR_png/CHNCXR_0321_0.png,Lung Segmentation/masks/CHNCXR_0321_0_mask.png
CHNCXR_0510_1.png,Shenzhen,Lung Segmentation/CXR_png/CHNCXR_0510_1.png,Lung Segmentation/masks/CHNCXR_0510_1_mask.png
CHNCXR_0383_1.png,Shenzhen,Lung Segmentation/CXR_png/CHNCXR_0383_1.png,Lung Segmentation/masks/CHNCXR_0383_1_mask.png
CHNCXR_0603_1.png,Shenzhen,Lung Segmentation/CXR_png/CHNCXR_0603_1.png,Lung Segmentation/masks/CHNCXR_0603_1_mask.png
CHNCXR_0332_1.png,Shenzhen,Lung Segmentation/CXR_png/CHNCXR_0332_1.png,Lung Segmentation/masks/CHNCXR_0332_1_mask.png
CHNCXR_0656_1.png,Shenzhen,Lung Segmentation/CXR_png/CHNCXR_0656_1.png,Lung Segmentation/masks/CHNCXR_0656_1_mask.png
CHNCXR_0655_1.png,Shenzhen,Lung Segmentation/CXR_png/CHNCXR_0655_1.png,Lung Segmentation/masks/CHNCXR_0655_1_mask.png
CHNCXR_0265_0.png,Shenzhen,Lung Segmentation/CXR_png/CHNCXR_0265_0.png,Lung Segmentation/masks/CHNCXR_0265_0_mask.png
MCUCXR_0052_0.png,Montgomery,Lung Segmentation/CXR_png/MCUCXR_0052_0.png,Lung Segmentation/masks/MCUCXR_0052_0.png
MCUCXR_0090_0.png,Montgomery,Lung Segmentation/CXR_png/MCUCXR_0090_0.png,Lung Segmentation/masks/MCUCXR_0090_0.png
CHNCXR_0455_1.png,Shenzhen,Lung Segmentation/CXR_png/CHNCXR_0455_1.png,Lung Segmentation/masks/CHNCXR_0455_1_mask.png
CHNCXR_0324_0.png,Shenzhen,Lung Segmentation/CXR_png/CHNCXR_0324_0.png,Lung Segmentation/masks/CHNCXR_0324_0_mask.png
CHNCXR_0035_0.png,Shenzhen,Lung Segmentation/CXR_png/CHNCXR_0035_0.png,Lung Segmentation/masks/CHNCXR_0035_0_mask.png
CHNCXR_0580_1.png,Shenzhen,Lung Segmentation/CXR_png/CHNCXR_0580_1.png,Lung Segmentation/masks/CHNCXR_0580_1_mask.png
CHNCXR_0398_1.png,Shenzhen,Lung Segmentation/CXR_png/CHNCXR_0398_1.png,Lung Segmentation/masks/CHNCXR_0398_1_mask.png
CHNCXR_0522_1.png,Shenzhen,Lung Segmentation/CXR_png/CHNCXR_0522_1.png,Lung Segmentation/masks/CHNCXR_0522_1_mask.png
MCUCXR_0057_0.png,Montgomery,Lung Segmentation/CXR_png/MCUCXR_0057_0.png,Lung Segmentation/masks/MCUCXR_0057_0.png
MCUCXR_0011_0.png,Montgomery,Lung Segmentation/CXR_png/MCUCXR_0011_0.png,Lung Segmentation/masks/MCUCXR_0011_0.png
CHNCXR_0369_1.png,Shenzhen,Lung Segmentation/CXR_png/CHNCXR_0369_1.png,Lung Segmentation/masks/CHNCXR_0369_1_mask.png
CHNCXR_0452_1.png,Shenzhen,Lung Segmentation/CXR_png/CHNCXR_0452_1.png,Lung Segmentation/masks/CHNCXR_0452_1_mask.png
CHNCXR_0273_0.png,Shenzhen,Lung Segmentation/CXR_png/CHNCXR_0273_0.png,Lung Segmentation/masks/CHNCXR_0273_0_mask.png
MCUCXR_0354_1.png,Montgomery,Lung Segmentation/CXR_png/MCUCXR_0354_1.png,Lung Segmentation/masks/MCUCXR_0354_1.png
CHNCXR_0102_0.png,Shenzhen,Lung Segmentation/CXR_png/CHNCXR_0102_0.png,Lung Segmentation/masks/CHNCXR_0102_0_mask.png
MCUCXR_0251_1.png,Montgomery,Lung Segmentation/CXR_png/MCUCXR_0251_1.png,Lung Segmentation/masks/MCUCXR_0251_1.png
CHNCXR_0051_0.png,Shenzhen,Lung Segmentation/CXR_png/CHNCXR_0051_0.png,Lung Segmentation/masks/CHNCXR_0051_0_mask.png
CHNCXR_0325_0.png,Shenzhen,Lung Segmentation/CXR_png/CHNCXR_0325_0.png,Lung Segmentation/masks/CHNCXR_0325_0_mask.png
CHNCXR_0539_1.png,Shenzhen,Lung Segmentation/CXR_png/CHNCXR_0539_1.png,Lung Segmentation/masks/CHNCXR_0539_1_mask.png
CHNCXR_0323_0.png,Shenzhen,Lung Segmentation/CXR_png/CHNCXR_0323_0.png,Lung Segmentation/masks/CHNCXR_0323_0_mask.png
CHNCXR_0399_1.png,Shenzhen,Lung Segmentation/CXR_png/CHNCXR_0399_1.png,Lung Segmentation/masks/CHNCXR_0399_1_mask.png
CHNCXR_0633_1.png,Shenzhen,Lung Segmentation/CXR_png/CHNCXR_0633_1.png,Lung Segmentation/masks/CHNCXR_0633_1_mask.png
CHNCXR_0017_0.png,Shenzhen,Lung Segmentation/CXR_png/CHNCXR_0017_0.png,Lung Segmentation/masks/CHNCXR_0017_0_mask.png
MCUCXR_0254_1.png,Montgomery,Lung Segmentation/CXR_png/MCUCXR_0254_1.png,Lung Segmentation/masks/MCUCXR_0254_1.png
CHNCXR_0382_1.png,Shenzhen,Lung Segmentation/CXR_png/CHNCXR_0382_1.png,Lung Segmentation/masks/CHNCXR_0382_1_mask.png
CHNCXR_0308_0.png,Shenzhen,Lung Segmentation/CXR_png/CHNCXR_0308_0.png,Lung Segmentation/masks/CHNCXR_0308_0_mask.png
CHNCXR_0517_1.png,Shenzhen,Lung Segmentation/CXR_png/CHNCXR_0517_1.png,Lung Segmentation/masks/CHNCXR_0517_1_mask.png
MCUCXR_0095_0.png,Montgomery,Lung Segmentation/CXR_png/MCUCXR_0095_0.png,Lung Segmentation/masks/MCUCXR_0095_0.png
MCUCXR_0048_0.png,Montgomery,Lung Segmentation/CXR_png/MCUCXR_0048_0.png,Lung Segmentation/masks/MCUCXR_0048_0.png
CHNCXR_0092_0.png,Shenzhen,Lung Segmentation/CXR_png/CHNCXR_0092_0.png,Lung Segmentation/masks/CHNCXR_0092_0_mask.png
CHNCXR_0330_1.png,Shenzhen,Lung Segmentation/CXR_png/CHNCXR_0330_1.png,Lung Segmentation/masks/CHNCXR_0330_1_mask.png
CHNCXR_0434_1.png,Shenzhen,Lung Segmentation/CXR_png/CHNCXR_0434_1.png,Lung Segmentation/masks/CHNCXR_0434_1_mask.png
CHNCXR_0583_1.png,Shenzhen,Lung Segmentation/CXR_png/CHNCXR_0583_1.png,Lung Segmentation/masks/CHNCXR_0583_1_mask.png
CHNCXR_0543_1.png,Shenzhen,Lung Segmentation/CXR_png/CHNCXR_0543_1.png,Lung Segmentation/masks/CHNCXR_0543_1_mask.png
MCUCXR_0071_0.png,Montgomery,Lung Segmentation/CXR_png/MCUCXR_0071_0.png,Lung Segmentation/masks/MCUCXR_0071_0.png
CHNCXR_0309_0.png,Shenzhen,Lung Segmentation/CXR_png/CHNCXR_0309_0.png,Lung Segmentation/masks/CHNCXR_0309_0_mask.png
CHNCXR_0400_1.png,Shenzhen,Lung Segmentation/CXR_png/CHNCXR_0400_1.png,Lung Segmentation/masks/CHNCXR_0400_1_mask.png
CHNCXR_0089_0.png,Shenzhen,Lung Segmentation/CXR_png/CHNCXR_0089_0.png,Lung Segmentation/masks/CHNCXR_0089_0_mask.png
MCUCXR_0223_1.png,Montgomery,Lung Segmentation/CXR_png/MCUCXR_0223_1.png,Lung Segmentation/masks/MCUCXR_0223_1.png
CHNCXR_0642_1.png,Shenzhen,Lung Segmentation/CXR_png/CHNCXR_0642_1.png,Lung Segmentation/masks/CHNCXR_0642_1_mask.png
CHNCXR_0304_0.png,Shenzhen,Lung Segmentation/CXR_png/CHNCXR_0304_0.png,Lung Segmentation/masks/CHNCXR_0304_0_mask.png
MCUCXR_0021_0.png,Montgomery,Lung Segmentation/CXR_png/MCUCXR_0021_0.png,Lung Segmentation/masks/MCUCXR_0021_0.png
CHNCXR_0013_0.png,Shenzhen,Lung Segmentation/CXR_png/CHNCXR_0013_0.png,Lung Segmentation/masks/CHNCXR_0013_0_mask.png
MCUCXR_0061_0.png,Montgomery,Lung Segmentation/CXR_png/MCUCXR_0061_0.png,Lung Segmentation/masks/MCUCXR_0061_0.png
CHNCXR_0392_1.png,Shenzhen,Lung Segmentation/CXR_png/CHNCXR_0392_1.png,Lung Segmentation/masks/CHNCXR_0392_1_mask.png
CHNCXR_0296_0.png,Shenzhen,Lung Segmentation/CXR_png/CHNCXR_0296_0.png,Lung Segmentation/masks/CHNCXR_0296_0_mask.png
CHNCXR_0433_1.png,Shenzhen,Lung Segmentation/CXR_png/CHNCXR_0433_1.png,Lung Segmentation/masks/CHNCXR_0433_1_mask.png
MCUCXR_0059_0.png,Montgomery,Lung Segmentation/CXR_png/MCUCXR_0059_0.png,Lung Segmentation/masks/MCUCXR_0059_0.png
CHNCXR_0391_1.png,Shenzhen,Lung Segmentation/CXR_png/CHNCXR_0391_1.png,Lung Segmentation/masks/CHNCXR_0391_1_mask.png
CHNCXR_0393_1.png,Shenzhen,Lung Segmentation/CXR_png/CHNCXR_0393_1.png,Lung Segmentation/masks/CHNCXR_0393_1_mask.png
MCUCXR_0196_1.png,Montgomery,Lung Segmentation/CXR_png/MCUCXR_0196_1.png,Lung Segmentation/masks/MCUCXR_0196_1.png
CHNCXR_0113_0.png,Shenzhen,Lung Segmentation/CXR_png/CHNCXR_0113_0.png,Lung Segmentation/masks/CHNCXR_0113_0_mask.png
MCUCXR_0309_1.png,Montgomery,Lung Segmentation/CXR_png/MCUCXR_0309_1.png,Lung Segmentation/masks/MCUCXR_0309_1.png
CHNCXR_0514_1.png,Shenzhen,Lung Segmentation/CXR_png/CHNCXR_0514_1.png,Lung Segmentation/masks/CHNCXR_0514_1_mask.png
CHNCXR_0096_0.png,Shenzhen,Lung Segmentation/CXR_png/CHNCXR_0096_0.png,Lung Segmentation/masks/CHNCXR_0096_0_mask.png
MCUCXR_0027_0.png,Montgomery,Lung Segmentation/CXR_png/MCUCXR_0027_0.png,Lung Segmentation/masks/MCUCXR_0027_0.png
MCUCXR_0150_1.png,Montgomery,Lung Segmentation/CXR_png/MCUCXR_0150_1.png,Lung Segmentation/masks/MCUCXR_0150_1.png
CHNCXR_0612_1.png,Shenzhen,Lung Segmentation/CXR_png/CHNCXR_0612_1.png,Lung Segmentation/masks/CHNCXR_0612_1_mask.png
CHNCXR_0118_0.png,Shenzhen,Lung Segmentation/CXR_png/CHNCXR_0118_0.png,Lung Segmentation/masks/CHNCXR_0118_0_mask.png
CHNCXR_0159_0.png,Shenzhen,Lung Segmentation/CXR_png/CHNCXR_0159_0.png,Lung Segmentation/masks/CHNCXR_0159_0_mask.png
CHNCXR_0167_0.png,Shenzhen,Lung Segmentation/CXR_png/CHNCXR_0167_0.png,Lung Segmentation/masks/CHNCXR_0167_0_mask.png
CHNCXR_0058_0.png,Shenzhen,Lung Segmentation/CXR_png/CHNCXR_0058_0.png,Lung Segmentation/masks/CHNCXR_0058_0_mask.png
CHNCXR_0272_0.png,Shenzhen,Lung Segmentation/CXR_png/CHNCXR_0272_0.png,Lung Segmentation/masks/CHNCXR_0272_0_mask.png
CHNCXR_0610_1.png,Shenzhen,Lung Segmentation/CXR_png/CHNCXR_0610_1.png,Lung Segmentation/masks/CHNCXR_0610_1_mask.png
CHNCXR_0374_1.png,Shenzhen,Lung Segmentation/CXR_png/CHNCXR_0374_1.png,Lung Segmentation/masks/CHNCXR_0374_1_mask.png
CHNCXR_0600_1.png,Shenzhen,Lung Segmentation/CXR_png/CHNCXR_0600_1.png,Lung Segmentation/masks/CHNCXR_0600_1_mask.png
CHNCXR_0549_1.png,Shenzhen,Lung Segmentation/CXR_png/CHNCXR_0549_1.png,Lung Segmentation/masks/CHNCXR_0549_1_mask.png
CHNCXR_0244_0.png,Shenzhen,Lung Segmentation/CXR_png/CHNCXR_0244_0.png,Lung Segmentation/masks/CHNCXR_0244_0_mask.png
CHNCXR_0255_0.png,Shenzhen,Lung Segmentation/CXR_png/CHNCXR_0255_0.png,Lung Segmentation/masks/CHNCXR_0255_0_mask.png
CHNCXR_0410_1.png,Shenzhen,Lung Segmentation/CXR_png/CHNCXR_0410_1.png,Lung Segmentation/masks/CHNCXR_0410_1_mask.png
CHNCXR_0594_1.png,Shenzhen,Lung Segmentation/CXR_png/CHNCXR_0594_1.png,Lung Segmentation/masks/CHNCXR_0594_1_mask.png
CHNCXR_0475_1.png,Shenzhen,Lung Segmentation/CXR_png/CHNCXR_0475_1.png,Lung Segmentation/masks/CHNCXR_0475_1_mask.png
CHNCXR_0289_0.png,Shenzhen,Lung Segmentation/CXR_png/CHNCXR_0289_0.png,Lung Segmentation/masks/CHNCXR_0289_0_mask.png
MCUCXR_0013_0.png,Montgomery,Lung Segmentation/CXR_png/MCUCXR_0013_0.png,Lung Segmentation/masks/MCUCXR_0013_0.png
CHNCXR_0234_0.png,Shenzhen,Lung Segmentation/CXR_png/CHNCXR_0234_0.png,Lung Segmentation/masks/CHNCXR_0234_0_mask.png
CHNCXR_0373_1.png,Shenzhen,Lung Segmentation/CXR_png/CHNCXR_0373_1.png,Lung Segmentation/masks/CHNCXR_0373_1_mask.png
CHNCXR_0227_0.png,Shenzhen,Lung Segmentation/CXR_png/CHNCXR_0227_0.png,Lung Segmentation/masks/CHNCXR_0227_0_mask.png
CHNCXR_0103_0.png,Shenzhen,Lung Segmentation/CXR_png/CHNCXR_0103_0.png,Lung Segmentation/masks/CHNCXR_0103_0_mask.png
MCUCXR_0060_0.png,Montgomery,Lung Segmentation/CXR_png/MCUCXR_0060_0.png,Lung Segmentation/masks/MCUCXR_0060_0.png
MCUCXR_0062_0.png,Montgomery,Lung Segmentation/CXR_png/MCUCXR_0062_0.png,Lung Segmentation/masks/MCUCXR_0062_0.png
CHNCXR_0329_1.png,Shenzhen,Lung Segmentation/CXR_png/CHNCXR_0329_1.png,Lung Segmentation/masks/CHNCXR_0329_1_mask.png
CHNCXR_0104_0.png,Shenzhen,Lung Segmentation/CXR_png/CHNCXR_0104_0.png,Lung Segmentation/masks/CHNCXR_0104_0_mask.png
CHNCXR_0547_1.png,Shenzhen,Lung Segmentation/CXR_png/CHNCXR_0547_1.png,Lung Segmentation/masks/CHNCXR_0547_1_mask.png
CHNCXR_0516_1.png,Shenzhen,Lung Segmentation/CXR_png/CHNCXR_0516_1.png,Lung Segmentation/masks/CHNCXR_0516_1_mask.png
CHNCXR_0623_1.png,Shenzhen,Lung Segmentation/CXR_png/CHNCXR_0623_1.png,Lung Segmentation/masks/CHNCXR_0623_1_mask.png
CHNCXR_0319_0.png,Shenzhen,Lung Segmentation/CXR_png/CHNCXR_0319_0.png,Lung Segmentation/masks/CHNCXR_0319_0_mask.png
CHNCXR_0050_0.png,Shenzhen,Lung Segmentation/CXR_png/CHNCXR_0050_0.png,Lung Segmentation/masks/CHNCXR_0050_0_mask.png
MCUCXR_0043_0.png,Montgomery,Lung Segmentation/CXR_png/MCUCXR_0043_0.png,Lung Segmentation/masks/MCUCXR_0043_0.png
CHNCXR_0224_0.png,Shenzhen,Lung Segmentation/CXR_png/CHNCXR_0224_0.png,Lung Segmentation/masks/CHNCXR_0224_0_mask.png
CHNCXR_0588_1.png,Shenzhen,Lung Segmentation/CXR_png/CHNCXR_0588_1.png,Lung Segmentation/masks/CHNCXR_0588_1_mask.png
CHNCXR_0005_0.png,Shenzhen,Lung Segmentation/CXR_png/CHNCXR_0005_0.png,Lung Segmentation/masks/CHNCXR_0005_0_mask.png
MCUCXR_0104_1.png,Montgomery,Lung Segmentation/CXR_png/MCUCXR_0104_1.png,Lung Segmentation/masks/MCUCXR_0104_1.png
CHNCXR_0075_0.png,Shenzhen,Lung Segmentation/CXR_png/CHNCXR_0075_0.png,Lung Segmentation/masks/CHNCXR_0075_0_mask.png
CHNCXR_0593_1.png,Shenzhen,Lung Segmentation/CXR_png/CHNCXR_0593_1.png,Lung Segmentation/masks/CHNCXR_0593_1_mask.png
CHNCXR_0231_0.png,Shenzhen,Lung Segmentation/CXR_png/CHNCXR_0231_0.png,Lung Segmentation/masks/CHNCXR_0231_0_mask.png
CHNCXR_0417_1.png,Shenzhen,Lung Segmentation/CXR_png/CHNCXR_0417_1.png,Lung Segmentation/masks/CHNCXR_0417_1_mask.png
CHNCXR_0415_1.png,Shenzhen,Lung Segmentation/CXR_png/CHNCXR_0415_1.png,Lung Segmentation/masks/CHNCXR_0415_1_mask.png
CHNCXR_0424_1.png,Shenzhen,Lung Segmentation/CXR_png/CHNCXR_0424_1.png,Lung Segmentation/masks/CHNCXR_0424_1_mask.png
CHNCXR_0601_1.png,Shenzhen,Lung Segmentation/CXR_png/CHNCXR_0601_1.png,Lung Segmentation/masks/CHNCXR_0601_1_mask.png
CHNCXR_0372_1.png,Shenzhen,Lung Segmentation/CXR_png/CHNCXR_0372_1.png,Lung Segmentation/masks/CHNCXR_0372_1_mask.png
CHNCXR_0043_0.png,Shenzhen,Lung Segmentation/CXR_png/CHNCXR_0043_0.png,Lung Segmentation/masks/CHNCXR_0043_0_mask.png
CHNCXR_0031_0.png,Shenzhen,Lung Segmentation/CXR_png/CHNCXR_0031_0.png,Lung Segmentation/masks/CHNCXR_0031_0_mask.png
CHNCXR_0297_0.png,Shenzhen,Lung Segmentation/CXR_png/CHNCXR_0297_0.png,Lung Segmentation/masks/CHNCXR_0297_0_mask.png
CHNCXR_0117_0.png,Shenzhen,Lung Segmentation/CXR_png/CHNCXR_0117_0.png,Lung Segmentation/masks/CHNCXR_0117_0_mask.png
MCUCXR_0030_0.png,Montgomery,Lung Segmentation/CXR_png/MCUCXR_0030_0.png,Lung Segmentation/masks/MCUCXR_0030_0.png
CHNCXR_0281_0.png,Shenzhen,Lung Segmentation/CXR_png/CHNCXR_0281_0.png,Lung Segmentation/masks/CHNCXR_0281_0_mask.png
CHNCXR_0059_0.png,Shenzhen,Lung Segmentation/CXR_png/CHNCXR_0059_0.png,Lung Segmentation/masks/CHNCXR_0059_0_mask.png
CHNCXR_0245_0.png,Shenzhen,Lung Segmentation/CXR_png/CHNCXR_0245_0.png,Lung Segmentation/masks/CHNCXR_0245_0_mask.png
CHNCXR_0256_0.png,Shenzhen,Lung Segmentation/CXR_png/CHNCXR_0256_0.png,Lung Segmentation/masks/CHNCXR_0256_0_mask.png
CHNCXR_0145_0.png,Shenzhen,Lung Segmentation/CXR_png/CHNCXR_0145_0.png,Lung Segmentation/masks/CHNCXR_0145_0_mask.png
CHNCXR_0044_0.png,Shenzhen,Lung Segmentation/CXR_png/CHNCXR_0044_0.png,Lung Segmentation/masks/CHNCXR_0044_0_mask.png
CHNCXR_0380_1.png,Shenzhen,Lung Segmentation/CXR_png/CHNCXR_0380_1.png,Lung Segmentation/masks/CHNCXR_0380_1_mask.png
CHNCXR_0267_0.png,Shenzhen,Lung Segmentation/CXR_png/CHNCXR_0267_0.png,Lung Segmentation/masks/CHNCXR_0267_0_mask.png
CHNCXR_0476_1.png,Shenzhen,Lung Segmentation/CXR_png/CHNCXR_0476_1.png,Lung Segmentation/masks/CHNCXR_0476_1_mask.png
MCUCXR_0117_1.png,Montgomery,Lung Segmentation/CXR_png/MCUCXR_0117_1.png,Lung Segmentation/masks/MCUCXR_0117_1.png
CHNCXR_0276_0.png,Shenzhen,Lung Segmentation/CXR_png/CHNCXR_0276_0.png,Lung Segmentation/masks/CHNCXR_0276_0_mask.png
MCUCXR_0348_1.png,Montgomery,Lung Segmentation/CXR_png/MCUCXR_0348_1.png,Lung Segmentation/masks/MCUCXR_0348_1.png
CHNCXR_0447_1.png,Shenzhen,Lung Segmentation/CXR_png/CHNCXR_0447_1.png,Lung Segmentation/masks/CHNCXR_0447_1_mask.png
CHNCXR_0095_0.png,Shenzhen,Lung Segmentation/CXR_png/CHNCXR_0095_0.png,Lung Segmentation/masks/CHNCXR_0095_0_mask.png
CHNCXR_0394_1.png,Shenzhen,Lung Segmentation/CXR_png/CHNCXR_0394_1.png,Lung Segmentation/masks/CHNCXR_0394_1_mask.png
CHNCXR_0659_1.png,Shenzhen,Lung Segmentation/CXR_png/CHNCXR_0659_1.png,Lung Segmentation/masks/CHNCXR_0659_1_mask.png
CHNCXR_0401_1.png,Shenzhen,Lung Segmentation/CXR_png/CHNCXR_0401_1.png,Lung Segmentation/masks/CHNCXR_0401_1_mask.png
CHNCXR_0411_1.png,Shenzhen,Lung Segmentation/CXR_png/CHNCXR_0411_1.png,Lung Segmentation/masks/CHNCXR_0411_1_mask.png
MCUCXR_0170_1.png,Montgomery,Lung Segmentation/CXR_png/MCUCXR_0170_1.png,Lung Segmentation/masks/MCUCXR_0170_1.png
MCUCXR_0103_0.png,Montgomery,Lung Segmentation/CXR_png/MCUCXR_0103_0.png,Lung Segmentation/masks/MCUCXR_0103_0.png
CHNCXR_0538_1.png,Shenzhen,Lung Segmentation/CXR_png/CHNCXR_0538_1.png,Lung Segmentation/masks/CHNCXR_0538_1_mask.png
CHNCXR_0054_0.png,Shenzhen,Lung Segmentation/CXR_png/CHNCXR_0054_0.png,Lung Segmentation/masks/CHNCXR_0054_0_mask.png
CHNCXR_0251_0.png,Shenzhen,Lung Segmentation/CXR_png/CHNCXR_0251_0.png,Lung Segmentation/masks/CHNCXR_0251_0_mask.png
CHNCXR_0140_0.png,Shenzhen,Lung Segmentation/CXR_png/CHNCXR_0140_0.png,Lung Segmentation/masks/CHNCXR_0140_0_mask.png
CHNCXR_0041_0.png,Shenzhen,Lung Segmentation/CXR_png/CHNCXR_0041_0.png,Lung Segmentation/masks/CHNCXR_0041_0_mask.png
CHNCXR_0375_1.png,Shenzhen,Lung Segmentation/CXR_png/CHNCXR_0375_1.png,Lung Segmentation/masks/CHNCXR_0375_1_mask.png
CHNCXR_0313_0.png,Shenzhen,Lung Segmentation/CXR_png/CHNCXR_0313_0.png,Lung Segmentation/masks/CHNCXR_0313_0_mask.png
CHNCXR_0622_1.png,Shenzhen,Lung Segmentation/CXR_png/CHNCXR_0622_1.png,Lung Segmentation/masks/CHNCXR_0622_1_mask.png
CHNCXR_0430_1.png,Shenzhen,Lung Segmentation/CXR_png/CHNCXR_0430_1.png,Lung Segmentation/masks/CHNCXR_0430_1_mask.png
CHNCXR_0658_1.png,Shenzhen,Lung Segmentation/CXR_png/CHNCXR_0658_1.png,Lung Segmentation/masks/CHNCXR_0658_1_mask.png
CHNCXR_0467_1.png,Shenzhen,Lung Segmentation/CXR_png/CHNCXR_0467_1.png,Lung Segmentation/masks/CHNCXR_0467_1_mask.png
CHNCXR_0459_1.png,Shenzhen,Lung Segmentation/CXR_png/CHNCXR_0459_1.png,Lung Segmentation/masks/CHNCXR_0459_1_mask.png
CHNCXR_0139_0.png,Shenzhen,Lung Segmentation/CXR_png/CHNCXR_0139_0.png,Lung Segmentation/masks/CHNCXR_0139_0_mask.png
MCUCXR_0331_1.png,Montgomery,Lung Segmentation/CXR_png/MCUCXR_0331_1.png,Lung Segmentation/masks/MCUCXR_0331_1.png
CHNCXR_0063_0.png,Shenzhen,Lung Segmentation/CXR_png/CHNCXR_0063_0.png,Lung Segmentation/masks/CHNCXR_0063_0_mask.png
CHNCXR_0228_0.png,Shenzhen,Lung Segmentation/CXR_png/CHNCXR_0228_0.png,Lung Segmentation/masks/CHNCXR_0228_0_mask.png
CHNCXR_0387_1.png,Shenzhen,Lung Segmentation/CXR_png/CHNCXR_0387_1.png,Lung Segmentation/masks/CHNCXR_0387_1_mask.png
CHNCXR_0647_1.png,Shenzhen,Lung Segmentation/CXR_png/CHNCXR_0647_1.png,Lung Segmentation/masks/CHNCXR_0647_1_mask.png
CHNCXR_0278_0.png,Shenzhen,Lung Segmentation/CXR_png/CHNCXR_0278_0.png,Lung Segmentation/masks/CHNCXR_0278_0_mask.png
CHNCXR_0277_0.png,Shenzhen,Lung Segmentation/CXR_png/CHNCXR_0277_0.png,Lung Segmentation/masks/CHNCXR_0277_0_mask.png
CHNCXR_0427_1.png,Shenzhen,Lung Segmentation/CXR_png/CHNCXR_0427_1.png,Lung Segmentation/masks/CHNCXR_0427_1_mask.png
MCUCXR_0316_1.png,Montgomery,Lung Segmentation/CXR_png/MCUCXR_0316_1.png,Lung Segmentation/masks/MCUCXR_0316_1.png
CHNCXR_0105_0.png,Shenzhen,Lung Segmentation/CXR_png/CHNCXR_0105_0.png,Lung Segmentation/masks/CHNCXR_0105_0_mask.png
CHNCXR_0436_1.png,Shenzhen,Lung Segmentation/CXR_png/CHNCXR_0436_1.png,Lung Segmentation/masks/CHNCXR_0436_1_mask.png
CHNCXR_0131_0.png,Shenzhen,Lung Segmentation/CXR_png/CHNCXR_0131_0.png,Lung Segmentation/masks/CHNCXR_0131_0_mask.png
CHNCXR_0635_1.png,Shenzhen,Lung Segmentation/CXR_png/CHNCXR_0635_1.png,Lung Segmentation/masks/CHNCXR_0635_1_mask.png
CHNCXR_0302_0.png,Shenzhen,Lung Segmentation/CXR_png/CHNCXR_0302_0.png,Lung Segmentation/masks/CHNCXR_0302_0_mask.png
CHNCXR_0123_0.png,Shenzhen,Lung Segmentation/CXR_png/CHNCXR_0123_0.png,Lung Segmentation/masks/CHNCXR_0123_0_mask.png
CHNCXR_0327_1.png,Shenzhen,Lung Segmentation/CXR_png/CHNCXR_0327_1.png,Lung Segmentation/masks/CHNCXR_0327_1_mask.png
CHNCXR_0611_1.png,Shenzhen,Lung Segmentation/CXR_png/CHNCXR_0611_1.png,Lung Segmentation/masks/CHNCXR_0611_1_mask.png
CHNCXR_0662_1.png,Shenzhen,Lung Segmentation/CXR_png/CHNCXR_0662_1.png,Lung Segmentation/masks/CHNCXR_0662_1_mask.png
MCUCXR_0372_1.png,Montgomery,Lung Segmentation/CXR_png/MCUCXR_0372_1.png,Lung Segmentation/masks/MCUCXR_0372_1.png
CHNCXR_0172_0.png,Shenzhen,Lung Segmentation/CXR_png/CHNCXR_0172_0.png,Lung Segmentation/masks/CHNCXR_0172_0_mask.png
CHNCXR_0078_0.png,Shenzhen,Lung Segmentation/CXR_png/CHNCXR_0078_0.png,Lung Segmentation/masks/CHNCXR_0078_0_mask.png
CHNCXR_0646_1.png,Shenzhen,Lung Segmentation/CXR_png/CHNCXR_0646_1.png,Lung Segmentation/masks/CHNCXR_0646_1_mask.png
MCUCXR_0028_0.png,Montgomery,Lung Segmentation/CXR_png/MCUCXR_0028_0.png,Lung Segmentation/masks/MCUCXR_0028_0.png
CHNCXR_0625_1.png,Shenzhen,Lung Segmentation/CXR_png/CHNCXR_0625_1.png,Lung Segmentation/masks/CHNCXR_0625_1_mask.png
CHNCXR_0519_1.png,Shenzhen,Lung Segmentation/CXR_png/CHNCXR_0519_1.png,Lung Segmentation/masks/CHNCXR_0519_1_mask.png
CHNCXR_0389_1.png,Shenzhen,Lung Segmentation/CXR_png/CHNCXR_0389_1.png,Lung Segmentation/masks/CHNCXR_0389_1_mask.png
CHNCXR_0007_0.png,Shenzhen,Lung Segmentation/CXR_png/CHNCXR_0007_0.png,Lung Segmentation/masks/CHNCXR_0007_0_mask.png
MCUCXR_0162_1.png,Montgomery,Lung Segmentation/CXR_png/MCUCXR_0162_1.png,Lung Segmentation/masks/MCUCXR_0162_1.png
MCUCXR_0213_1.png,Montgomery,Lung Segmentation/CXR_png/MCUCXR_0213_1.png,Lung Segmentation/masks/MCUCXR_0213_1.png
CHNCXR_0106_0.png,Shenzhen,Lung Segmentation/CXR_png/CHNCXR_0106_0.png,Lung Segmentation/masks/CHNCXR_0106_0_mask.png
CHNCXR_0567_1.png,Shenzhen,Lung Segmentation/CXR_png/CHNCXR_0567_1.png,Lung Segmentation/masks/CHNCXR_0567_1_mask.png
MCUCXR_0142_1.png,Montgomery,Lung Segmentation/CXR_png/MCUCXR_0142_1.png,Lung Segmentation/masks/MCUCXR_0142_1.png
MCUCXR_0188_1.png,Montgomery,Lung Segmentation/CXR_png/MCUCXR_0188_1.png,Lung Segmentation/masks/MCUCXR_0188_1.png
CHNCXR_0241_0.png,Shenzhen,Lung Segmentation/CXR_png/CHNCXR_0241_0.png,Lung Segmentation/masks/CHNCXR_0241_0_mask.png
CHNCXR_0582_1.png,Shenzhen,Lung Segmentation/CXR_png/CHNCXR_0582_1.png,Lung Segmentation/masks/CHNCXR_0582_1_mask.png
MCUCXR_0005_0.png,Montgomery,Lung Segmentation/CXR_png/MCUCXR_0005_0.png,Lung Segmentation/masks/MCUCXR_0005_0.png
CHNCXR_0328_1.png,Shenzhen,Lung Segmentation/CXR_png/CHNCXR_0328_1.png,Lung Segmentation/masks/CHNCXR_0328_1_mask.png
CHNCXR_0090_0.png,Shenzhen,Lung Segmentation/CXR_png/CHNCXR_0090_0.png,Lung Segmentation/masks/CHNCXR_0090_0_mask.png
CHNCXR_0627_1.png,Shenzhen,Lung Segmentation/CXR_png/CHNCXR_0627_1.png,Lung Segmentation/masks/CHNCXR_0627_1_mask.png
MCUCXR_0266_1.png,Montgomery,Lung Segmentation/CXR_png/MCUCXR_0266_1.png,Lung Segmentation/masks/MCUCXR_0266_1.png
CHNCXR_0557_1.png,Shenzhen,Lung Segmentation/CXR_png/CHNCXR_0557_1.png,Lung Segmentation/masks/CHNCXR_0557_1_mask.png
CHNCXR_0376_1.png,Shenzhen,Lung Segmentation/CXR_png/CHNCXR_0376_1.png,Lung Segmentation/masks/CHNCXR_0376_1_mask.png
CHNCXR_0385_1.png,Shenzhen,Lung Segmentation/CXR_png/CHNCXR_0385_1.png,Lung Segmentation/masks/CHNCXR_0385_1_mask.png
CHNCXR_0598_1.png,Shenzhen,Lung Segmentation/CXR_png/CHNCXR_0598_1.png,Lung Segmentation/masks/CHNCXR_0598_1_mask.png
MCUCXR_0218_1.png,Montgomery,Lung Segmentation/CXR_png/MCUCXR_0218_1.png,Lung Segmentation/masks/MCUCXR_0218_1.png
CHNCXR_0169_0.png,Shenzhen,Lung Segmentation/CXR_png/CHNCXR_0169_0.png,Lung Segmentation/masks/CHNCXR_0169_0_mask.png
CHNCXR_0274_0.png,Shenzhen,Lung Segmentation/CXR_png/CHNCXR_0274_0.png,Lung Segmentation/masks/CHNCXR_0274_0_mask.png
CHNCXR_0226_0.png,Shenzhen,Lung Segmentation/CXR_png/CHNCXR_0226_0.png,Lung Segmentation/masks/CHNCXR_0226_0_mask.png
CHNCXR_0147_0.png,Shenzhen,Lung Segmentation/CXR_png/CHNCXR_0147_0.png,Lung Segmentation/masks/CHNCXR_0147_0_mask.png
CHNCXR_0426_1.png,Shenzhen,Lung Segmentation/CXR_png/CHNCXR_0426_1.png,Lung Segmentation/masks/CHNCXR_0426_1_mask.png
CHNCXR_0573_1.png,Shenzhen,Lung Segmentation/CXR_png/CHNCXR_0573_1.png,Lung Segmentation/masks/CHNCXR_0573_1_mask.png
CHNCXR_0507_1.png,Shenzhen,Lung Segmentation/CXR_png/CHNCXR_0507_1.png,Lung Segmentation/masks/CHNCXR_0507_1_mask.png
CHNCXR_0034_0.png,Shenzhen,Lung Segmentation/CXR_png/CHNCXR_0034_0.png,Lung Segmentation/masks/CHNCXR_0034_0_mask.png
CHNCXR_0579_1.png,Shenzhen,Lung Segmentation/CXR_png/CHNCXR_0579_1.png,Lung Segmentation/masks/CHNCXR_0579_1_mask.png
CHNCXR_0541_1.png,Shenzhen,Lung Segmentation/CXR_png/CHNCXR_0541_1.png,Lung Segmentation/masks/CHNCXR_0541_1_mask.png
MCUCXR_0004_0.png,Montgomery,Lung Segmentation/CXR_png/MCUCXR_0004_0.png,Lung Segmentation/masks/MCUCXR_0004_0.png
CHNCXR_0098_0.png,Shenzhen,Lung Segmentation/CXR_png/CHNCXR_0098_0.png,Lung Segmentation/masks/CHNCXR_0098_0_mask.png
CHNCXR_0535_1.png,Shenzhen,Lung Segmentation/CXR_png/CHNCXR_0535_1.png,Lung Segmentation/masks/CHNCXR_0535_1_mask.png
MCUCXR_0311_1.png,Montgomery,Lung Segmentation/CXR_png/MCUCXR_0311_1.png,Lung Segmentation/masks/MCUCXR_0311_1.png
CHNCXR_0242_0.png,Shenzhen,Lung Segmentation/CXR_png/CHNCXR_0242_0.png,Lung Segmentation/masks/CHNCXR_0242_0_mask.png
CHNCXR_0264_0.png,Shenzhen,Lung Segmentation/CXR_png/CHNCXR_0264_0.png,Lung Segmentation/masks/CHNCXR_0264_0_mask.png
CHNCXR_0023_0.png,Shenzhen,Lung Segmentation/CXR_png/CHNCXR_0023_0.png,Lung Segmentation/masks/CHNCXR_0023_0_mask.png
CHNCXR_0339_1.png,Shenzhen,Lung Segmentation/CXR_png/CHNCXR_0339_1.png,Lung Segmentation/masks/CHNCXR_0339_1_mask.png
CHNCXR_0544_1.png,Shenzhen,Lung Segmentation/CXR_png/CHNCXR_0544_1.png,Lung Segmentation/masks/CHNCXR_0544_1_mask.png
CHNCXR_0596_1.png,Shenzhen,Lung Segmentation/CXR_png/CHNCXR_0596_1.png,Lung Segmentation/masks/CHNCXR_0596_1_mask.png
CHNCXR_0636_1.png,Shenzhen,Lung Segmentation/CXR_png/CHNCXR_0636_1.png,Lung Segmentation/masks/CHNCXR_0636_1_mask.png
MCUCXR_0369_1.png,Montgomery,Lung Segmentation/CXR_png/MCUCXR_0369_1.png,Lung Segmentation/masks/MCUCXR_0369_1.png
MCUCXR_0255_1.png,Montgomery,Lung Segmentation/CXR_png/MCUCXR_0255_1.png,Lung Segmentation/masks/MCUCXR_0255_1.png
CHNCXR_0444_1.png,Shenzhen,Lung Segmentation/CXR_png/CHNCXR_0444_1.png,Lung Segmentation/masks/CHNCXR_0444_1_mask.png
MCUCXR_0097_0.png,Montgomery,Lung Segmentation/CXR_png/MCUCXR_0097_0.png,Lung Segmentation/masks/MCUCXR_0097_0.png
CHNCXR_0073_0.png,Shenzhen,Lung Segmentation/CXR_png/CHNCXR_0073_0.png,Lung Segmentation/masks/CHNCXR_0073_0_mask.png
CHNCXR_0246_0.png,Shenzhen,Lung Segmentation/CXR_png/CHNCXR_0246_0.png,Lung Segmentation/masks/CHNCXR_0246_0_mask.png
CHNCXR_0637_1.png,Shenzhen,Lung Segmentation/CXR_png/CHNCXR_0637_1.png,Lung Segmentation/masks/CHNCXR_0637_1_mask.png
CHNCXR_0513_1.png,Shenzhen,Lung Segmentation/CXR_png/CHNCXR_0513_1.png,Lung Segmentation/masks/CHNCXR_0513_1_mask.png
CHNCXR_0314_0.png,Shenzhen,Lung Segmentation/CXR_png/CHNCXR_0314_0.png,Lung Segmentation/masks/CHNCXR_0314_0_mask.png
CHNCXR_0597_1.png,Shenzhen,Lung Segmentation/CXR_png/CHNCXR_0597_1.png,Lung Segmentation/masks/CHNCXR_0597_1_mask.png
CHNCXR_0449_1.png,Shenzhen,Lung Segmentation/CXR_png/CHNCXR_0449_1.png,Lung Segmentation/masks/CHNCXR_0449_1_mask.png
CHNCXR_0606_1.png,Shenzhen,Lung Segmentation/CXR_png/CHNCXR_0606_1.png,Lung Segmentation/masks/CHNCXR_0606_1_mask.png
CHNCXR_0254_0.png,Shenzhen,Lung Segmentation/CXR_png/CHNCXR_0254_0.png,Lung Segmentation/masks/CHNCXR_0254_0_mask.png
CHNCXR_0471_1.png,Shenzhen,Lung Segmentation/CXR_png/CHNCXR_0471_1.png,Lung Segmentation/masks/CHNCXR_0471_1_mask.png
CHNCXR_0170_0.png,Shenzhen,Lung Segmentation/CXR_png/CHNCXR_0170_0.png,Lung Segmentation/masks/CHNCXR_0170_0_mask.png
CHNCXR_0056_0.png,Shenzhen,Lung Segmentation/CXR_png/CHNCXR_0056_0.png,Lung Segmentation/masks/CHNCXR_0056_0_mask.png
CHNCXR_0143_0.png,Shenzhen,Lung Segmentation/CXR_png/CHNCXR_0143_0.png,Lung Segmentation/masks/CHNCXR_0143_0_mask.png
CHNCXR_0552_1.png,Shenzhen,Lung Segmentation/CXR_png/CHNCXR_0552_1.png,Lung Segmentation/masks/CHNCXR_0552_1_mask.png
CHNCXR_0266_0.png,Shenzhen,Lung Segmentation/CXR_png/CHNCXR_0266_0.png,Lung Segmentation/masks/CHNCXR_0266_0_mask.png
CHNCXR_0461_1.png,Shenzhen,Lung Segmentation/CXR_png/CHNCXR_0461_1.png,Lung Segmentation/masks/CHNCXR_0461_1_mask.png
CHNCXR_0608_1.png,Shenzhen,Lung Segmentation/CXR_png/CHNCXR_0608_1.png,Lung Segmentation/masks/CHNCXR_0608_1_mask.png
CHNCXR_0288_0.png,Shenzhen,Lung Segmentation/CXR_png/CHNCXR_0288_0.png,Lung Segmentation/masks/CHNCXR_0288_0_mask.png
CHNCXR_0456_1.png,Shenzhen,Lung Segmentation/CXR_png/CHNCXR_0456_1.png,Lung Segmentation/masks/CHNCXR_0456_1_mask.png
MCUCXR_0099_0.png,Montgomery,Lung Segmentation/CXR_png/MCUCXR_0099_0.png,Lung Segmentation/masks/MCUCXR_0099_0.png
CHNCXR_0569_1.png,Shenzhen,Lung Segmentation/CXR_png/CHNCXR_0569_1.png,Lung Segmentation/masks/CHNCXR_0569_1_mask.png
CHNCXR_0016_0.png,Shenzhen,Lung Segmentation/CXR_png/CHNCXR_0016_0.png,Lung Segmentation/masks/CHNCXR_0016_0_mask.png
CHNCXR_0445_1.png,Shenzhen,Lung Segmentation/CXR_png/CHNCXR_0445_1.png,Lung Segmentation/masks/CHNCXR_0445_1_mask.png
CHNCXR_0271_0.png,Shenzhen,Lung Segmentation/CXR_png/CHNCXR_0271_0.png,Lung Segmentation/masks/CHNCXR_0271_0_mask.png
CHNCXR_0420_1.png,Shenzhen,Lung Segmentation/CXR_png/CHNCXR_0420_1.png,Lung Segmentation/masks/CHNCXR_0420_1_mask.png
MCUCXR_0044_0.png,Montgomery,Lung Segmentation/CXR_png/MCUCXR_0044_0.png,Lung Segmentation/masks/MCUCXR_0044_0.png
CHNCXR_0318_0.png,Shenzhen,Lung Segmentation/CXR_png/CHNCXR_0318_0.png,Lung Segmentation/masks/CHNCXR_0318_0_mask.png
MCUCXR_0051_0.png,Montgomery,Lung Segmentation/CXR_png/MCUCXR_0051_0.png,Lung Segmentation/masks/MCUCXR_0051_0.png
CHNCXR_0503_1.png,Shenzhen,Lung Segmentation/CXR_png/CHNCXR_0503_1.png,Lung Segmentation/masks/CHNCXR_0503_1_mask.png
CHNCXR_0144_0.png,Shenzhen,Lung Segmentation/CXR_png/CHNCXR_0144_0.png,Lung Segmentation/masks/CHNCXR_0144_0_mask.png
CHNCXR_0605_1.png,Shenzhen,Lung Segmentation/CXR_png/CHNCXR_0605_1.png,Lung Segmentation/masks/CHNCXR_0605_1_mask.png
CHNCXR_0542_1.png,Shenzhen,Lung Segmentation/CXR_png/CHNCXR_0542_1.png,Lung Segmentation/masks/CHNCXR_0542_1_mask.png
MCUCXR_0301_1.png,Montgomery,Lung Segmentation/CXR_png/MCUCXR_0301_1.png,Lung Segmentation/masks/MCUCXR_0301_1.png
CHNCXR_0620_1.png,Shenzhen,Lung Segmentation/CXR_png/CHNCXR_0620_1.png,Lung Segmentation/masks/CHNCXR_0620_1_mask.png
CHNCXR_0555_1.png,Shenzhen,Lung Segmentation/CXR_png/CHNCXR_0555_1.png,Lung Segmentation/masks/CHNCXR_0555_1_mask.png
MCUCXR_0094_0.png,Montgomery,Lung Segmentation/CXR_png/MCUCXR_0094_0.png,Lung Segmentation/masks/MCUCXR_0094_0.png
CHNCXR_0607_1.png,Shenzhen,Lung Segmentation/CXR_png/CHNCXR_0607_1.png,Lung Segmentation/masks/CHNCXR_0607_1_mask.png
CHNCXR_0115_0.png,Shenzhen,Lung Segmentation/CXR_png/CHNCXR_0115_0.png,Lung Segmentation/masks/CHNCXR_0115_0_mask.png
CHNCXR_0616_1.png,Shenzhen,Lung Segmentation/CXR_png/CHNCXR_0616_1.png,Lung Segmentation/masks/CHNCXR_0616_1_mask.png
CHNCXR_0558_1.png,Shenzhen,Lung Segmentation/CXR_png/CHNCXR_0558_1.png,Lung Segmentation/masks/CHNCXR_0558_1_mask.png
CHNCXR_0029_0.png,Shenzhen,Lung Segmentation/CXR_png/CHNCXR_0029_0.png,Lung Segmentation/masks/CHNCXR_0029_0_mask.png
CHNCXR_0093_0.png,Shenzhen,Lung Segmentation/CXR_png/CHNCXR_0093_0.png,Lung Segmentation/masks/CHNCXR_0093_0_mask.png
CHNCXR_0094_0.png,Shenzhen,Lung Segmentation/CXR_png/CHNCXR_0094_0.png,Lung Segmentation/masks/CHNCXR_0094_0_mask.png
MCUCXR_0100_0.png,Montgomery,Lung Segmentation/CXR_png/MCUCXR_0100_0.png,Lung Segmentation/masks/MCUCXR_0100_0.png
CHNCXR_0303_0.png,Shenzhen,Lung Segmentation/CXR_png/CHNCXR_0303_0.png,Lung Segmentation/masks/CHNCXR_0303_0_mask.png
CHNCXR_0531_1.png,Shenzhen,Lung Segmentation/CXR_png/CHNCXR_0531_1.png,Lung Segmentation/masks/CHNCXR_0531_1_mask.png
MCUCXR_0144_1.png,Montgomery,Lung Segmentation/CXR_png/MCUCXR_0144_1.png,Lung Segmentation/masks/MCUCXR_0144_1.png
CHNCXR_0260_0.png,Shenzhen,Lung Segmentation/CXR_png/CHNCXR_0260_0.png,Lung Segmentation/masks/CHNCXR_0260_0_mask.png
CHNCXR_0643_1.png,Shenzhen,Lung Segmentation/CXR_png/CHNCXR_0643_1.png,Lung Segmentation/masks/CHNCXR_0643_1_mask.png
MCUCXR_0203_1.png,Montgomery,Lung Segmentation/CXR_png/MCUCXR_0203_1.png,Lung Segmentation/masks/MCUCXR_0203_1.png
CHNCXR_0550_1.png,Shenzhen,Lung Segmentation/CXR_png/CHNCXR_0550_1.png,Lung Segmentation/masks/CHNCXR_0550_1_mask.png
CHNCXR_0454_1.png,Shenzhen,Lung Segmentation/CXR_png/CHNCXR_0454_1.png,Lung Segmentation/masks/CHNCXR_0454_1_mask.png
CHNCXR_0258_0.png,Shenzhen,Lung Segmentation/CXR_png/CHNCXR_0258_0.png,Lung Segmentation/masks/CHNCXR_0258_0_mask.png
CHNCXR_0572_1.png,Shenzhen,Lung Segmentation/CXR_png/CHNCXR_0572_1.png,Lung Segmentation/masks/CHNCXR_0572_1_mask.png
CHNCXR_0527_1.png,Shenzhen,Lung Segmentation/CXR_png/CHNCXR_0527_1.png,Lung Segmentation/masks/CHNCXR_0527_1_mask.png
CHNCXR_0320_0.png,Shenzhen,Lung Segmentation/CXR_png/CHNCXR_0320_0.png,Lung Segmentation/masks/CHNCXR_0320_0_mask.png
CHNCXR_0462_1.png,Shenzhen,Lung Segmentation/CXR_png/CHNCXR_0462_1.png,Lung Segmentation/masks/CHNCXR_0462_1_mask.png
CHNCXR_0033_0.png,Shenzhen,Lung Segmentation/CXR_png/CHNCXR_0033_0.png,Lung Segmentation/masks/CHNCXR_0033_0_mask.png
CHNCXR_0508_1.png,Shenzhen,Lung Segmentation/CXR_png/CHNCXR_0508_1.png,Lung Segmentation/masks/CHNCXR_0508_1_mask.png
CHNCXR_0045_0.png,Shenzhen,Lung Segmentation/CXR_png/CHNCXR_0045_0.png,Lung Segmentation/masks/CHNCXR_0045_0_mask.png
MCUCXR_0166_1.png,Montgomery,Lung Segmentation/CXR_png/MCUCXR_0166_1.png,Lung Segmentation/masks/MCUCXR_0166_1.png
CHNCXR_0591_1.png,Shenzhen,Lung Segmentation/CXR_png/CHNCXR_0591_1.png,Lung Segmentation/masks/CHNCXR_0591_1_mask.png
MCUCXR_0108_1.png,Montgomery,Lung Segmentation/CXR_png/MCUCXR_0108_1.png,Lung Segmentation/masks/MCUCXR_0108_1.png
CHNCXR_0648_1.png,Shenzhen,Lung Segmentation/CXR_png/CHNCXR_0648_1.png,Lung Segmentation/masks/CHNCXR_0648_1_mask.png
MCUCXR_0001_0.png,Montgomery,Lung Segmentation/CXR_png/MCUCXR_0001_0.png,Lung Segmentation/masks/MCUCXR_0001_0.png
MCUCXR_0040_0.png,Montgomery,Lung Segmentation/CXR_png/MCUCXR_0040_0.png,Lung Segmentation/masks/MCUCXR_0040_0.png
CHNCXR_0086_0.png,Shenzhen,Lung Segmentation/CXR_png/CHNCXR_0086_0.png,Lung Segmentation/masks/CHNCXR_0086_0_mask.png
CHNCXR_0293_0.png,Shenzhen,Lung Segmentation/CXR_png/CHNCXR_0293_0.png,Lung Segmentation/masks/CHNCXR_0293_0_mask.png
CHNCXR_0630_1.png,Shenzhen,Lung Segmentation/CXR_png/CHNCXR_0630_1.png,Lung Segmentation/masks/CHNCXR_0630_1_mask.png
CHNCXR_0287_0.png,Shenzhen,Lung Segmentation/CXR_png/CHNCXR_0287_0.png,Lung Segmentation/masks/CHNCXR_0287_0_mask.png
CHNCXR_0223_0.png,Shenzhen,Lung Segmentation/CXR_png/CHNCXR_0223_0.png,Lung Segmentation/masks/CHNCXR_0223_0_mask.png
CHNCXR_0520_1.png,Shenzhen,Lung Segmentation/CXR_png/CHNCXR_0520_1.png,Lung Segmentation/masks/CHNCXR_0520_1_mask.png
CHNCXR_0634_1.png,Shenzhen,Lung Segmentation/CXR_png/CHNCXR_0634_1.png,Lung Segmentation/masks/CHNCXR_0634_1_mask.png
CHNCXR_0177_0.png,Shenzhen,Lung Segmentation/CXR_png/CHNCXR_0177_0.png,Lung Segmentation/masks/CHNCXR_0177_0_mask.png
CHNCXR_0084_0.png,Shenzhen,Lung Segmentation/CXR_png/CHNCXR_0084_0.png,Lung Segmentation/masks/CHNCXR_0084_0_mask.png
CHNCXR_0292_0.png,Shenzhen,Lung Segmentation/CXR_png/CHNCXR_0292_0.png,Lung Segmentation/masks/CHNCXR_0292_0_mask.png
CHNCXR_0423_1.png,Shenzhen,Lung Segmentation/CXR_png/CHNCXR_0423_1.png,Lung Segmentation/masks/CHNCXR_0423_1_mask.png
MCUCXR_0338_1.png,Montgomery,Lung Segmentation/CXR_png/MCUCXR_0338_1.png,Lung Segmentation/masks/MCUCXR_0338_1.png
CHNCXR_0079_0.png,Shenzhen,Lung Segmentation/CXR_png/CHNCXR_0079_0.png,Lung Segmentation/masks/CHNCXR_0079_0_mask.png
CHNCXR_0521_1.png,Shenzhen,Lung Segmentation/CXR_png/CHNCXR_0521_1.png,Lung Segmentation/masks/CHNCXR_0521_1_mask.png
CHNCXR_0268_0.png,Shenzhen,Lung Segmentation/CXR_png/CHNCXR_0268_0.png,Lung Segmentation/masks/CHNCXR_0268_0_mask.png
MCUCXR_0072_0.png,Montgomery,Lung Segmentation/CXR_png/MCUCXR_0072_0.png,Lung Segmentation/masks/MCUCXR_0072_0.png
CHNCXR_0248_0.png,Shenzhen,Lung Segmentation/CXR_png/CHNCXR_0248_0.png,Lung Segmentation/masks/CHNCXR_0248_0_mask.png
MCUCXR_0064_0.png,Montgomery,Lung Segmentation/CXR_png/MCUCXR_0064_0.png,Lung Segmentation/masks/MCUCXR_0064_0.png
CHNCXR_0412_1.png,Shenzhen,Lung Segmentation/CXR_png/CHNCXR_0412_1.png,Lung Segmentation/masks/CHNCXR_0412_1_mask.png
MCUCXR_0058_0.png,Montgomery,Lung Segmentation/CXR_png/MCUCXR_0058_0.png,Lung Segmentation/masks/MCUCXR_0058_0.png
MCUCXR_0026_0.png,Montgomery,Lung Segmentation/CXR_png/MCUCXR_0026_0.png,Lung Segmentation/masks/MCUCXR_0026_0.png
CHNCXR_0524_1.png,Shenzhen,Lung Segmentation/CXR_png/CHNCXR_0524_1.png,Lung Segmentation/masks/CHNCXR_0524_1_mask.png
CHNCXR_0477_1.png,Shenzhen,Lung Segmentation/CXR_png/CHNCXR_0477_1.png,Lung Segmentation/masks/CHNCXR_0477_1_mask.png
MCUCXR_0046_0.png,Montgomery,Lung Segmentation/CXR_png/MCUCXR_0046_0.png,Lung Segmentation/masks/MCUCXR_0046_0.png
CHNCXR_0604_1.png,Shenzhen,Lung Segmentation/CXR_png/CHNCXR_0604_1.png,Lung Segmentation/masks/CHNCXR_0604_1_mask.png
CHNCXR_0243_0.png,Shenzhen,Lung Segmentation/CXR_png/CHNCXR_0243_0.png,Lung Segmentation/masks/CHNCXR_0243_0_mask.png
CHNCXR_0088_0.png,Shenzhen,Lung Segmentation/CXR_png/CHNCXR_0088_0.png,Lung Segmentation/masks/CHNCXR_0088_0_mask.png
CHNCXR_0180_0.png,Shenzhen,Lung Segmentation/CXR_png/CHNCXR_0180_0.png,Lung Segmentation/masks/CHNCXR_0180_0_mask.png
CHNCXR_0019_0.png,Shenzhen,Lung Segmentation/CXR_png/CHNCXR_0019_0.png,Lung Segmentation/masks/CHNCXR_0019_0_mask.png
CHNCXR_0511_1.png,Shenzhen,Lung Segmentation/CXR_png/CHNCXR_0511_1.png,Lung Segmentation/masks/CHNCXR_0511_1_mask.png
MCUCXR_0113_1.png,Montgomery,Lung Segmentation/CXR_png/MCUCXR_0113_1.png,Lung Segmentation/masks/MCUCXR_0113_1.png
CHNCXR_0453_1.png,Shenzhen,Lung Segmentation/CXR_png/CHNCXR_0453_1.png,Lung Segmentation/masks/CHNCXR_0453_1_mask.png
CHNCXR_0008_0.png,Shenzhen,Lung Segmentation/CXR_png/CHNCXR_0008_0.png,Lung Segmentation/masks/CHNCXR_0008_0_mask.png
CHNCXR_0463_1.png,Shenzhen,Lung Segmentation/CXR_png/CHNCXR_0463_1.png,Lung Segmentation/masks/CHNCXR_0463_1_mask.png
CHNCXR_0171_0.png,Shenzhen,Lung Segmentation/CXR_png/CHNCXR_0171_0.png,Lung Segmentation/masks/CHNCXR_0171_0_mask.png
CHNCXR_0311_0.png,Shenzhen,Lung Segmentation/CXR_png/CHNCXR_0311_0.png,Lung Segmentation/masks/CHNCXR_0311_0_mask.png
CHNCXR_0085_0.png,Shenzhen,Lung Segmentation/CXR_png/CHNCXR_0085_0.png,Lung Segmentation/masks/CHNCXR_0085_0_mask.png
CHNCXR_0080_0.png,Shenzhen,Lung Segmentation/CXR_png/CHNCXR_0080_0.png,Lung Segmentation/masks/CHNCXR_0080_0_mask.png
CHNCXR_0437_1.png,Shenzhen,Lung Segmentation/CXR_png/CHNCXR_0437_1.png,Lung Segmentation/masks/CHNCXR_0437_1_mask.png
CHNCXR_0545_1.png,Shenzhen,Lung Segmentation/CXR_png/CHNCXR_0545_1.png,Lung Segmentation/masks/CHNCXR_0545_1_mask.png
CHNCXR_0641_1.png,Shenzhen,Lung Segmentation/CXR_png/CHNCXR_0641_1.png,Lung Segmentation/masks/CHNCXR_0641_1_mask.png
CHNCXR_0024_0.png,Shenzhen,Lung Segmentation/CXR_png/CHNCXR_0024_0.png,Lung Segmentation/masks/CHNCXR_0024_0_mask.png
CHNCXR_0283_0.png,Shenzhen,Lung Segmentation/CXR_png/CHNCXR_0283_0.png,Lung Segmentation/masks/CHNCXR_0283_0_mask.png
CHNCXR_0419_1.png,Shenzhen,Lung Segmentation/CXR_png/CHNCXR_0419_1.png,Lung Segmentation/masks/CHNCXR_0419_1_mask.png
CHNCXR_0619_1.png,Shenzhen,Lung Segmentation/CXR_png/CHNCXR_0619_1.png,Lung Segmentation/masks/CHNCXR_0619_1_mask.png
MCUCXR_0334_1.png,Montgomery,Lung Segmentation/CXR_png/MCUCXR_0334_1.png,Lung Segmentation/masks/MCUCXR_0334_1.png
CHNCXR_0518_1.png,Shenzhen,Lung Segmentation/CXR_png/CHNCXR_0518_1.png,Lung Segmentation/masks/CHNCXR_0518_1_mask.png
CHNCXR_0480_1.png,Shenzhen,Lung Segmentation/CXR_png/CHNCXR_0480_1.png,Lung Segmentation/masks/CHNCXR_0480_1_mask.png
CHNCXR_0263_0.png,Shenzhen,Lung Segmentation/CXR_png/CHNCXR_0263_0.png,Lung Segmentation/masks/CHNCXR_0263_0_mask.png
CHNCXR_0570_1.png,Shenzhen,Lung Segmentation/CXR_png/CHNCXR_0570_1.png,Lung Segmentation/masks/CHNCXR_0570_1_mask.png
CHNCXR_0613_1.png,Shenzhen,Lung Segmentation/CXR_png/CHNCXR_0613_1.png,Lung Segmentation/masks/CHNCXR_0613_1_mask.png
CHNCXR_0066_0.png,Shenzhen,Lung Segmentation/CXR_png/CHNCXR_0066_0.png,Lung Segmentation/masks/CHNCXR_0066_0_mask.png
CHNCXR_0629_1.png,Shenzhen,Lung Segmentation/CXR_png/CHNCXR_0629_1.png,Lung Segmentation/masks/CHNCXR_0629_1_mask.png
CHNCXR_0657_1.png,Shenzhen,Lung Segmentation/CXR_png/CHNCXR_0657_1.png,Lung Segmentation/masks/CHNCXR_0657_1_mask.png
CHNCXR_0136_0.png,Shenzhen,Lung Segmentation/CXR_png/CHNCXR_0136_0.png,Lung Segmentation/masks/CHNCXR_0136_0_mask.png
CHNCXR_0534_1.png,Shenzhen,Lung Segmentation/CXR_png/CHNCXR_0534_1.png,Lung Segmentation/masks/CHNCXR_0534_1_mask.png
CHNCXR_0381_1.png,Shenzhen,Lung Segmentation/CXR_png/CHNCXR_0381_1.png,Lung Segmentation/masks/CHNCXR_0381_1_mask.png
CHNCXR_0015_0.png,Shenzhen,Lung Segmentation/CXR_png/CHNCXR_0015_0.png,Lung Segmentation/masks/CHNCXR_0015_0_mask.png
MCUCXR_0081_0.png,Montgomery,Lung Segmentation/CXR_png/MCUCXR_0081_0.png,Lung Segmentation/masks/MCUCXR_0081_0.png
MCUCXR_0079_0.png,Montgomery,Lung Segmentation/CXR_png/MCUCXR_0079_0.png,Lung Segmentation/masks/MCUCXR_0079_0.png
CHNCXR_0081_0.png,Shenzhen,Lung Segmentation/CXR_png/CHNCXR_0081_0.png,Lung Segmentation/masks/CHNCXR_0081_0_mask.png
CHNCXR_0282_0.png,Shenzhen,Lung Segmentation/CXR_png/CHNCXR_0282_0.png,Lung Segmentation/masks/CHNCXR_0282_0_mask.png
CHNCXR_0032_0.png,Shenzhen,Lung Segmentation/CXR_png/CHNCXR_0032_0.png,Lung Segmentation/masks/CHNCXR_0032_0_mask.png
CHNCXR_0402_1.png,Shenzhen,Lung Segmentation/CXR_png/CHNCXR_0402_1.png,Lung Segmentation/masks/CHNCXR_0402_1_mask.png
CHNCXR_0165_0.png,Shenzhen,Lung Segmentation/CXR_png/CHNCXR_0165_0.png,Lung Segmentation/masks/CHNCXR_0165_0_mask.png
CHNCXR_0060_0.png,Shenzhen,Lung Segmentation/CXR_png/CHNCXR_0060_0.png,Lung Segmentation/masks/CHNCXR_0060_0_mask.png
CHNCXR_0109_0.png,Shenzhen,Lung Segmentation/CXR_png/CHNCXR_0109_0.png,Lung Segmentation/masks/CHNCXR_0109_0_mask.png
MCUCXR_0399_1.png,Montgomery,Lung Segmentation/CXR_png/MCUCXR_0399_1.png,Lung Segmentation/masks/MCUCXR_0399_1.png
CHNCXR_0465_1.png,Shenzhen,Lung Segmentation/CXR_png/CHNCXR_0465_1.png,Lung Segmentation/masks/CHNCXR_0465_1_mask.png
MCUCXR_0383_1.png,Montgomery,Lung Segmentation/CXR_png/MCUCXR_0383_1.png,Lung Segmentation/masks/MCUCXR_0383_1.png
CHNCXR_0074_0.png,Shenzhen,Lung Segmentation/CXR_png/CHNCXR_0074_0.png,Lung Segmentation/masks/CHNCXR_0074_0_mask.png
CHNCXR_0257_0.png,Shenzhen,Lung Segmentation/CXR_png/CHNCXR_0257_0.png,Lung Segmentation/masks/CHNCXR_0257_0_mask.png
MCUCXR_0375_1.png,Montgomery,Lung Segmentation/CXR_png/MCUCXR_0375_1.png,Lung Segmentation/masks/MCUCXR_0375_1.png
CHNCXR_0130_0.png,Shenzhen,Lung Segmentation/CXR_png/CHNCXR_0130_0.png,Lung Segmentation/masks/CHNCXR_0130_0_mask.png
CHNCXR_0586_1.png,Shenzhen,Lung Segmentation/CXR_png/CHNCXR_0586_1.png,Lung Segmentation/masks/CHNCXR_0586_1_mask.png
CHNCXR_0269_0.png,Shenzhen,Lung Segmentation/CXR_png/CHNCXR_0269_0.png,Lung Segmentation/masks/CHNCXR_0269_0_mask.png
CHNCXR_0378_1.png,Shenzhen,Lung Segmentation/CXR_png/CHNCXR_0378_1.png,Lung Segmentation/masks/CHNCXR_0378_1_mask.png
MCUCXR_0140_1.png,Montgomery,Lung Segmentation/CXR_png/MCUCXR_0140_1.png,Lung Segmentation/masks/MCUCXR_0140_1.png
MCUCXR_0053_0.png,Montgomery,Lung Segmentation/CXR_png/MCUCXR_0053_0.png,Lung Segmentation/masks/MCUCXR_0053_0.png
MCUCXR_0055_0.png,Montgomery,Lung Segmentation/CXR_png/MCUCXR_0055_0.png,Lung Segmentation/masks/MCUCXR_0055_0.png
CHNCXR_0132_0.png,Shenzhen,Lung Segmentation/CXR_png/CHNCXR_0132_0.png,Lung Segmentation/masks/CHNCXR_0132_0_mask.png
CHNCXR_0055_0.png,Shenzhen,Lung Segmentation/CXR_png/CHNCXR_0055_0.png,Lung Segmentation/masks/CHNCXR_0055_0_mask.png
CHNCXR_0129_0.png,Shenzhen,Lung Segmentation/CXR_png/CHNCXR_0129_0.png,Lung Segmentation/masks/CHNCXR_0129_0_mask.png
CHNCXR_0233_0.png,Shenzhen,Lung Segmentation/CXR_png/CHNCXR_0233_0.png,Lung Segmentation/masks/CHNCXR_0233_0_mask.png
CHNCXR_0536_1.png,Shenzhen,Lung Segmentation/CXR_png/CHNCXR_0536_1.png,Lung Segmentation/masks/CHNCXR_0536_1_mask.png
CHNCXR_0526_1.png,Shenzhen,Lung Segmentation/CXR_png/CHNCXR_0526_1.png,Lung Segmentation/masks/CHNCXR_0526_1_mask.png
MCUCXR_0045_0.png,Montgomery,Lung Segmentation/CXR_png/MCUCXR_0045_0.png,Lung Segmentation/masks/MCUCXR_0045_0.png
MCUCXR_0038_0.png,Montgomery,Lung Segmentation/CXR_png/MCUCXR_0038_0.png,Lung Segmentation/masks/MCUCXR_0038_0.png
CHNCXR_0148_0.png,Shenzhen,Lung Segmentation/CXR_png/CHNCXR_0148_0.png,Lung Segmentation/masks/CHNCXR_0148_0_mask.png
CHNCXR_0279_0.png,Shenzhen,Lung Segmentation/CXR_png/CHNCXR_0279_0.png,Lung Segmentation/masks/CHNCXR_0279_0_mask.png
CHNCXR_0442_1.png,Shenzhen,Lung Segmentation/CXR_png/CHNCXR_0442_1.png,Lung Segmentation/masks/CHNCXR_0442_1_mask.png
CHNCXR_0128_0.png,Shenzhen,Lung Segmentation/CXR_png/CHNCXR_0128_0.png,Lung Segmentation/masks/CHNCXR_0128_0_mask.png
CHNCXR_0553_1.png,Shenzhen,Lung Segmentation/CXR_png/CHNCXR_0553_1.png,Lung Segmentation/masks/CHNCXR_0553_1_mask.png
MCUCXR_0350_1.png,Montgomery,Lung Segmentation/CXR_png/MCUCXR_0350_1.png,Lung Segmentation/masks/MCUCXR_0350_1.png
CHNCXR_0047_0.png,Shenzhen,Lung Segmentation/CXR_png/CHNCXR_0047_0.png,Lung Segmentation/masks/CHNCXR_0047_0_mask.png
CHNCXR_0048_0.png,Shenzhen,Lung Segmentation/CXR_png/CHNCXR_0048_0.png,Lung Segmentation/masks/CHNCXR_0048_0_mask.png
CHNCXR_0409_1.png,Shenzhen,Lung Segmentation/CXR_png/CHNCXR_0409_1.png,Lung Segmentation/masks/CHNCXR_0409_1_mask.png
CHNCXR_0416_1.png,Shenzhen,Lung Segmentation/CXR_png/CHNCXR_0416_1.png,Lung Segmentation/masks/CHNCXR_0416_1_mask.png
MCUCXR_0089_0.png,Montgomery,Lung Segmentation/CXR_png/MCUCXR_0089_0.png,Lung Segmentation/masks/MCUCXR_0089_0.png
MCUCXR_0086_0.png,Montgomery,Lung Segmentation/CXR_png/MCUCXR_0086_0.png,Lung Segmentation/masks/MCUCXR_0086_0.png
CHNCXR_0367_1.png,Shenzhen,Lung Segmentation/CXR_png/CHNCXR_0367_1.png,Lung Segmentation/masks/CHNCXR_0367_1_mask.png
CHNCXR_0577_1.png,Shenzhen,Lung Segmentation/CXR_png/CHNCXR_0577_1.png,Lung Segmentation/masks/CHNCXR_0577_1_mask.png
CHNCXR_0615_1.png,Shenzhen,Lung Segmentation/CXR_png/CHNCXR_0615_1.png,Lung Segmentation/masks/CHNCXR_0615_1_mask.png
CHNCXR_0300_0.png,Shenzhen,Lung Segmentation/CXR_png/CHNCXR_0300_0.png,Lung Segmentation/masks/CHNCXR_0300_0_mask.png
CHNCXR_0026_0.png,Shenzhen,Lung Segmentation/CXR_png/CHNCXR_0026_0.png,Lung Segmentation/masks/CHNCXR_0026_0_mask.png
CHNCXR_0083_0.png,Shenzhen,Lung Segmentation/CXR_png/CHNCXR_0083_0.png,Lung Segmentation/masks/CHNCXR_0083_0_mask.png
CHNCXR_0418_1.png,Shenzhen,Lung Segmentation/CXR_png/CHNCXR_0418_1.png,Lung Segmentation/masks/CHNCXR_0418_1_mask.png
CHNCXR_0660_1.png,Shenzhen,Lung Segmentation/CXR_png/CHNCXR_0660_1.png,Lung Segmentation/masks/CHNCXR_0660_1_mask.png
CHNCXR_0284_0.png,Shenzhen,Lung Segmentation/CXR_png/CHNCXR_0284_0.png,Lung Segmentation/masks/CHNCXR_0284_0_mask.png
CHNCXR_0571_1.png,Shenzhen,Lung Segmentation/CXR_png/CHNCXR_0571_1.png,Lung Segmentation/masks/CHNCXR_0571_1_mask.png
CHNCXR_0014_0.png,Shenzhen,Lung Segmentation/CXR_png/CHNCXR_0014_0.png,Lung Segmentation/masks/CHNCXR_0014_0_mask.png
CHNCXR_0010_0.png,Shenzhen,Lung Segmentation/CXR_png/CHNCXR_0010_0.png,Lung Segmentation/masks/CHNCXR_0010_0_mask.png
CHNCXR_0559_1.png,Shenzhen,Lung Segmentation/CXR_png/CHNCXR_0559_1.png,Lung Segmentation/masks/CHNCXR_0559_1_mask.png
CHNCXR_0509_1.png,Shenzhen,Lung Segmentation/CXR_png/CHNCXR_0509_1.png,Lung Segmentation/masks/CHNCXR_0509_1_mask.png
CHNCXR_0306_0.png,Shenzhen,Lung Segmentation/CXR_png/CHNCXR_0306_0.png,Lung Segmentation/masks/CHNCXR_0306_0_mask.png
CHNCXR_0298_0.png,Shenzhen,Lung Segmentation/CXR_png/CHNCXR_0298_0.png,Lung Segmentation/masks/CHNCXR_0298_0_mask.png
CHNCXR_0057_0.png,Shenzhen,Lung Segmentation/CXR_png/CHNCXR_0057_0.png,Lung Segmentation/masks/CHNCXR_0057_0_mask.png
MCUCXR_0085_0.png,Montgomery,Lung Segmentation/CXR_png/MCUCXR_0085_0.png,Lung Segmentation/masks/MCUCXR_0085_0.png
CHNCXR_0432_1.png,Shenzhen,Lung Segmentation/CXR_png/CHNCXR_0432_1.png,Lung Segmentation/masks/CHNCXR_0432_1_mask.png
CHNCXR_0652_1.png,Shenzhen,Lung Segmentation/CXR_png/CHNCXR_0652_1.png,Lung Segmentation/masks/CHNCXR_0652_1_mask.png
MCUCXR_0029_0.png,Montgomery,Lung Segmentation/CXR_png/MCUCXR_0029_0.png,Lung Segmentation/masks/MCUCXR_0029_0.png
CHNCXR_0286_0.png,Shenzhen,Lung Segmentation/CXR_png/CHNCXR_0286_0.png,Lung Segmentation/masks/CHNCXR_0286_0_mask.png
CHNCXR_0262_0.png,Shenzhen,Lung Segmentation/CXR_png/CHNCXR_0262_0.png,Lung Segmentation/masks/CHNCXR_0262_0_mask.png
CHNCXR_0112_0.png,Shenzhen,Lung Segmentation/CXR_png/CHNCXR_0112_0.png,Lung Segmentation/masks/CHNCXR_0112_0_mask.png
MCUCXR_0352_1.png,Montgomery,Lung Segmentation/CXR_png/MCUCXR_0352_1.png,Lung Segmentation/masks/MCUCXR_0352_1.png
CHNCXR_0053_0.png,Shenzhen,Lung Segmentation/CXR_png/CHNCXR_0053_0.png,Lung Segmentation/masks/CHNCXR_0053_0_mask.png
CHNCXR_0532_1.png,Shenzhen,Lung Segmentation/CXR_png/CHNCXR_0532_1.png,Lung Segmentation/masks/CHNCXR_0532_1_mask.png
MCUCXR_0096_0.png,Montgomery,Lung Segmentation/CXR_png/MCUCXR_0096_0.png,Lung Segmentation/masks/MCUCXR_0096_0.png
CHNCXR_0340_1.png,Shenzhen,Lung Segmentation/CXR_png/CHNCXR_0340_1.png,Lung Segmentation/masks/CHNCXR_0340_1_mask.png
MCUCXR_0075_0.png,Montgomery,Lung Segmentation/CXR_png/MCUCXR_0075_0.png,Lung Segmentation/masks/MCUCXR_0075_0.png
CHNCXR_0315_0.png,Shenzhen,Lung Segmentation/CXR_png/CHNCXR_0315_0.png,Lung Segmentation/masks/CHNCXR_0315_0_mask.png
CHNCXR_0280_0.png,Shenzhen,Lung Segmentation/CXR_png/CHNCXR_0280_0.png,Lung Segmentation/masks/CHNCXR_0280_0_mask.png
CHNCXR_0002_0.png,Shenzhen,Lung Segmentation/CXR_png/CHNCXR_0002_0.png,Lung Segmentation/masks/CHNCXR_0002_0_mask.png
CHNCXR_0504_1.png,Shenzhen,Lung Segmentation/CXR_png/CHNCXR_0504_1.png,Lung Segmentation/masks/CHNCXR_0504_1_mask.png
MCUCXR_0031_0.png,Montgomery,Lung Segmentation/CXR_png/MCUCXR_0031_0.png,Lung Segmentation/masks/MCUCXR_0031_0.png
MCUCXR_0313_1.png,Montgomery,Lung Segmentation/CXR_png/MCUCXR_0313_1.png,Lung Segmentation/masks/MCUCXR_0313_1.png
CHNCXR_0587_1.png,Shenzhen,Lung Segmentation/CXR_png/CHNCXR_0587_1.png,Lung Segmentation/masks/CHNCXR_0587_1_mask.png
CHNCXR_0443_1.png,Shenzhen,Lung Segmentation/CXR_png/CHNCXR_0443_1.png,Lung Segmentation/masks/CHNCXR_0443_1_mask.png
CHNCXR_0021_0.png,Shenzhen,Lung Segmentation/CXR_png/CHNCXR_0021_0.png,Lung Segmentation/masks/CHNCXR_0021_0_mask.png
CHNCXR_0362_1.png,Shenzhen,Lung Segmentation/CXR_png/CHNCXR_0362_1.png,Lung Segmentation/masks/CHNCXR_0362_1_mask.png
MCUCXR_0023_0.png,Montgomery,Lung Segmentation/CXR_png/MCUCXR_0023_0.png,Lung Segmentation/masks/MCUCXR_0023_0.png
MCUCXR_0003_0.png,Montgomery,Lung Segmentation/CXR_png/MCUCXR_0003_0.png,Lung Segmentation/masks/MCUCXR_0003_0.png
MCUCXR_0063_0.png,Montgomery,Lung Segmentation/CXR_png/MCUCXR_0063_0.png,Lung Segmentation/masks/MCUCXR_0063_0.png
CHNCXR_0164_0.png,Shenzhen,Lung Segmentation/CXR_png/CHNCXR_0164_0.png,Lung Segmentation/masks/CHNCXR_0164_0_mask.png
CHNCXR_0154_0.png,Shenzhen,Lung Segmentation/CXR_png/CHNCXR_0154_0.png,Lung Segmentation/masks/CHNCXR_0154_0_mask.png
CHNCXR_0506_1.png,Shenzhen,Lung Segmentation/CXR_png/CHNCXR_0506_1.png,Lung Segmentation/masks/CHNCXR_0506_1_mask.png
CHNCXR_0537_1.png,Shenzhen,Lung Segmentation/CXR_png/CHNCXR_0537_1.png,Lung Segmentation/masks/CHNCXR_0537_1_mask.png
CHNCXR_0334_1.png,Shenzhen,Lung Segmentation/CXR_png/CHNCXR_0334_1.png,Lung Segmentation/masks/CHNCXR_0334_1_mask.png
CHNCXR_0001_0.png,Shenzhen,Lung Segmentation/CXR_png/CHNCXR_0001_0.png,Lung Segmentation/masks/CHNCXR_0001_0_mask.png
MCUCXR_0047_0.png,Montgomery,Lung Segmentation/CXR_png/MCUCXR_0047_0.png,Lung Segmentation/masks/MCUCXR_0047_0.png
CHNCXR_0229_0.png,Shenzhen,Lung Segmentation/CXR_png/CHNCXR_0229_0.png,Lung Segmentation/masks/CHNCXR_0229_0_mask.png
CHNCXR_0441_1.png,Shenzhen,Lung Segmentation/CXR_png/CHNCXR_0441_1.png,Lung Segmentation/masks/CHNCXR_0441_1_mask.png
MCUCXR_0194_1.png,Montgomery,Lung Segmentation/CXR_png/MCUCXR_0194_1.png,Lung Segmentation/masks/MCUCXR_0194_1.png
CHNCXR_0365_1.png,Shenzhen,Lung Segmentation/CXR_png/CHNCXR_0365_1.png,Lung Segmentation/masks/CHNCXR_0365_1_mask.png
CHNCXR_0176_0.png,Shenzhen,Lung Segmentation/CXR_png/CHNCXR_0176_0.png,Lung Segmentation/masks/CHNCXR_0176_0_mask.png
CHNCXR_0473_1.png,Shenzhen,Lung Segmentation/CXR_png/CHNCXR_0473_1.png,Lung Segmentation/masks/CHNCXR_0473_1_mask.png
CHNCXR_0422_1.png,Shenzhen,Lung Segmentation/CXR_png/CHNCXR_0422_1.png,Lung Segmentation/masks/CHNCXR_0422_1_mask.png
CHNCXR_0153_0.png,Shenzhen,Lung Segmentation/CXR_png/CHNCXR_0153_0.png,Lung Segmentation/masks/CHNCXR_0153_0_mask.png
CHNCXR_0651_1.png,Shenzhen,Lung Segmentation/CXR_png/CHNCXR_0651_1.png,Lung Segmentation/masks/CHNCXR_0651_1_mask.png
CHNCXR_0027_0.png,Shenzhen,Lung Segmentation/CXR_png/CHNCXR_0027_0.png,Lung Segmentation/masks/CHNCXR_0027_0_mask.png
CHNCXR_0052_0.png,Shenzhen,Lung Segmentation/CXR_png/CHNCXR_0052_0.png,Lung Segmentation/masks/CHNCXR_0052_0_mask.png
CHNCXR_0645_1.png,Shenzhen,Lung Segmentation/CXR_png/CHNCXR_0645_1.png,Lung Segmentation/masks/CHNCXR_0645_1_mask.png
MCUCXR_0253_1.png,Montgomery,Lung Segmentation/CXR_png/MCUCXR_0253_1.png,Lung Segmentation/masks/MCUCXR_0253_1.png
CHNCXR_0240_0.png,Shenzhen,Lung Segmentation/CXR_png/CHNCXR_0240_0.png,Lung Segmentation/masks/CHNCXR_0240_0_mask.png
CHNCXR_0479_1.png,Shenzhen,Lung Segmentation/CXR_png/CHNCXR_0479_1.png,Lung Segmentation/masks/CHNCXR_0479_1_mask.png
CHNCXR_0270_0.png,Shenzhen,Lung Segmentation/CXR_png/CHNCXR_0270_0.png,Lung Segmentation/masks/CHNCXR_0270_0_mask.png
CHNCXR_0135_0.png,Shenzhen,Lung Segmentation/CXR_png/CHNCXR_0135_0.png,Lung Segmentation/masks/CHNCXR_0135_0_mask.png
CHNCXR_0632_1.png,Shenzhen,Lung Segmentation/CXR_png/CHNCXR_0632_1.png,Lung Segmentation/masks/CHNCXR_0632_1_mask.png
CHNCXR_0578_1.png,Shenzhen,Lung Segmentation/CXR_png/CHNCXR_0578_1.png,Lung Segmentation/masks/CHNCXR_0578_1_mask.png
CHNCXR_0621_1.png,Shenzhen,Lung Segmentation/CXR_png/CHNCXR_0621_1.png,Lung Segmentation/masks/CHNCXR_0621_1_mask.png
MCUCXR_0084_0.png,Montgomery,Lung Segmentation/CXR_png/MCUCXR_0084_0.png,Lung Segmentation/masks/MCUCXR_0084_0.png
CHNCXR_0366_1.png,Shenzhen,Lung Segmentation/CXR_png/CHNCXR_0366_1.png,Lung Segmentation/masks/CHNCXR_0366_1_mask.png
CHNCXR_0592_1.png,Shenzhen,Lung Segmentation/CXR_png/CHNCXR_0592_1.png,Lung Segmentation/masks/CHNCXR_0592_1_mask.png
CHNCXR_0236_0.png,Shenzhen,Lung Segmentation/CXR_png/CHNCXR_0236_0.png,Lung Segmentation/masks/CHNCXR_0236_0_mask.png
CHNCXR_0020_0.png,Shenzhen,Lung Segmentation/CXR_png/CHNCXR_0020_0.png,Lung Segmentation/masks/CHNCXR_0020_0_mask.png
CHNCXR_0590_1.png,Shenzhen,Lung Segmentation/CXR_png/CHNCXR_0590_1.png,Lung Segmentation/masks/CHNCXR_0590_1_mask.png
CHNCXR_0087_0.png,Shenzhen,Lung Segmentation/CXR_png/CHNCXR_0087_0.png,Lung Segmentation/masks/CHNCXR_0087_0_mask.png
CHNCXR_0361_1.png,Shenzhen,Lung Segmentation/CXR_png/CHNCXR_0361_1.png,Lung Segmentation/masks/CHNCXR_0361_1_mask.png
MCUCXR_0024_0.png,Montgomery,Lung Segmentation/CXR_png/MCUCXR_0024_0.png,Lung Segmentation/masks/MCUCXR_0024_0.png
CHNCXR_0126_0.png,Shenzhen,Lung Segmentation/CXR_png/CHNCXR_0126_0.png,Lung Segmentation/masks/CHNCXR_0126_0_mask.png
CHNCXR_0575_1.png,Shenzhen,Lung Segmentation/CXR_png/CHNCXR_0575_1.png,Lung Segmentation/masks/CHNCXR_0575_1_mask.png
CHNCXR_0440_1.png,Shenzhen,Lung Segmentation/CXR_png/CHNCXR_0440_1.png,Lung Segmentation/masks/CHNCXR_0440_1_mask.png
